start_time,end_time,delta,elapsed_time,message_size,sending,from,to,num_peers
1721231763.3295817,1721231763.3295817, ,0.0,2637,False,80.57.135.211:8091,80.57.135.211:8090,1
1721231783.3848855,1721231783.3906655, ,0.00577998161315918,6176,False,80.57.135.211:8091,80.57.135.211:8090,1
1721231788.4251292,1721231788.4267569, ,0.0016276836395263672,6176,False,80.57.135.211:8091,80.57.135.211:8090,1
1721231793.4593267,1721231793.4603307, ,0.0010039806365966797,6176,False,80.57.135.211:8091,80.57.135.211:8090,1
1721231798.4912999,1721231798.4912999, ,0.0,6176,False,80.57.135.211:8091,80.57.135.211:8090,1
1721231803.5317762,1721231803.533826, ,0.0020499229431152344,6176,False,80.57.135.211:8091,80.57.135.211:8090,1
1721231808.5614111,1721231808.5614111, ,0.0,6176,False,80.57.135.211:8091,80.57.135.211:8090,1
